model,calibration,level,size_mb,size_gb,reduction_pct
baseline-f16,baseline,F16,2950.35302734375,2.881204128265381,0.0
random-Q8_0,random,Q8_0,1570.2946472167969,1.5334908664226532,46.776042301942475
random-Q4_K_M,random,Q4_K_M,940.3693542480469,0.9183294475078583,68.12688700190309
random-Q3_K_M,random,Q3_K_M,785.9982604980469,0.7675764262676239,73.35917928419252
random-Q2_K,random,Q2_K,644.9748229980469,0.6298582255840302,78.13906278264172
mixed-Q8_0,mixed,Q8_0,1570.2946472167969,1.5334908664226532,46.776042301942475
mixed-Q4_K_M,mixed,Q4_K_M,940.3693542480469,0.9183294475078583,68.12688700190309
mixed-Q3_K_M,mixed,Q3_K_M,785.9982604980469,0.7675764262676239,73.35917928419252
mixed-Q2_K,mixed,Q2_K,644.9748229980469,0.6298582255840302,78.13906278264172
code-Q8_0,code,Q8_0,1570.2946472167969,1.5334908664226532,46.776042301942475
code-Q4_K_M,code,Q4_K_M,940.3693542480469,0.9183294475078583,68.12688700190309
code-Q3_K_M,code,Q3_K_M,785.9982604980469,0.7675764262676239,73.35917928419252
code-Q2_K,code,Q2_K,644.9748229980469,0.6298582255840302,78.13906278264172
none-Q8_0,none,Q8_0,1570.29443359375,1.5334906578063965,46.77604954253521
none-Q4_K_M,none,Q4_K_M,940.369140625,0.9183292388916016,68.12689424249581
none-Q3_K_M,none,Q3_K_M,785.998046875,0.7675762176513672,73.35918652478526
none-Q2_K,none,Q2_K,644.974609375,0.6298580169677734,78.13907002323444
